USE EMRS_database;

-- Ai generated test data just to fill tables

-- 1. Departments
INSERT INTO Department (departmentID, departmentName) VALUES
    (1, 'Emergency & Trauma'),
    (2, 'Neurology & Mental Health'),
    (3, 'Internal Medicine'),
    (4, 'Cybernetic Surgery'),
    (5, 'General Pediatrics');

-- 2. User Accounts (IDs shifted down by 1 to start at 1)
INSERT INTO UserAccount (accountID, username, password, email, twoFactorEnabled, role) VALUES
    (1, 'l_skywalker', '$2b$12$K1H7Xp7v8Y6r9Q2w3E4r5u9I8o7p6a5s4d3f2g1h0j9k8l7m6n5o4', 'luke.skywalker@rebelalliance.org', TRUE, 'Patient'),
    (2, 'princess_leia', '$2b$12$L2I8Yq8w9Z7s0R3x4F5s6v0J9p8q7b6t5e4g3h1i0k9l8m7n6o5p', 'leia.organa@alderaan.gov', FALSE, 'Patient'),
    (3, 'scruffy_nerfherder', '$2b$12$M3J9Zr9x0A8t1S4y5G6t7w1K0q9r8c7u6f5h4i2j1l0m9n8o7p6q', 'han.solo@millenniumfalcon.com', FALSE, 'Patient'),
    (4, 'walking_carpet', '$2b$12$N4KAas0y1B9u2T5z6H7u8x2L1r0s9d8v7g6i5j3k2m1n0o9p8q7r', 'chewie@kashyyyk.net', TRUE, 'Patient'),
    (5, 'gold_droid', '$2b$12$O5LBbt1z2C0v3U6a7I8v9y3M2s1t0e9w8h7j6k4l3n2o1p0q9r8s', 'threepio@protocol.droid', TRUE, 'Patient'),
    (6, 'bee_b127', '$2b$12$P6MCcu2a3D1w4V7b8J9w0z4N3t2u1f0x9i8k7l5m4o3p2q1r0s9t', 'bee.b127@cybertron.com', FALSE, 'Patient'),
    (7, 'cliff_j', '$2b$12$Q7NDdv3b4E2x5W8c9K0x1a5O4u3v2g1y0j9l8m6n5p4q3r2s1t0u', 'cliff.jumper@autobots.org', TRUE, 'Patient'),
    (8, 'king_grimlock', '$2b$12$R8OEew4c5F3y6X9d0L1y2b6P5v4w3h2z1k0m9n7o6q5r4s3t2u1v', 'king.grimlock@dinobots.com', FALSE, 'Patient'),
    (9, 'arcee_pink', '$2b$12$S9PFfx5d6G4z7Y0e1M2z3c7Q6w5x4i3a2l1n0o8p7r6s5t4u3v2w', 'arcee.scout@cybertron.net', TRUE, 'Patient'),
    (10, 'hot_rod_01', '$2b$12$T0QGgy6e7H5a8Z1f2N3a4d8R7x6y5j4b3m2o1p9q8s7t6u5v4w3x', 'hot.rod@matrix.com', FALSE, 'Patient'),
    (11, 'mondays_suck', '$2b$12$U1RHhz7f8I6b9A2g3O4b5e9S8y7z6k5c4n3p2q0r9t8u7v6w5x4y', 'lasagna.lover@jon.mail', FALSE, 'Patient'),
    (12, 'bark_bark_odie', '$2b$12$V2SIia8g9J7ca3h4P5c6f0T9z8A7l6d5o4q3r1s0u9v8w7x6y5z', 'woof.drool@arbuckle.com', FALSE, 'Patient'),
    (13, 'abu_dhabi_bound', '$2b$12$W3TJjb9h0K8db4i5Q6d7g1U0A9B8m7e6p5r4s2t1v0w9x8y7z6A', 'cutest.kitten@abudhabi.com', TRUE, 'Patient'),
    (14, 'pooky_bear', '$2b$12$X4UKkc0i1L9ec5j6R7e8h2V1B0C9n8f7q6s5t3u2w1x0y9z8A7B', 'pooky@garfield.co', FALSE, 'Patient'),
    (15, 'arlene_gap', '$2b$12$Y5VLld1j2M0fd6k7S8f9i3W2C1D0o9g8r7t6u4v3x2y1z0A9B8C', 'arlene.cat@city.net', TRUE, 'Patient'),
    (16, 'kai_fire', '$2b$12$Z6WMme2k3N1ge7l8T9g0j4X3D2E1p0h9s8u7v5w4y3z2A1B0C9D', 'fire.ninja@spinjitzu.com', TRUE, 'Patient'),
    (17, 'lightning_jay', '$2b$12$07XNnf3l4O2hf8m9U0h1k5Y4E3F2q1i0t9v8w6x5z4A3B2C1D0E', 'lightning.ninja@ninjago.net', FALSE, 'Patient'),
    (18, 'ice_zane', '$2b$12$18YOog4m5P3ig9n0V1i2l6Z5F4G3r2j1u0w9x7y6A5B4C3D2E1F', 'ice.droid@ninja.org', TRUE, 'Patient'),
    (19, 'cake_cole', '$2b$12$29ZPph5n6Q4jh0o1W2j3m70G5H4s3k2v1x0y8z7A6B5C4D3E2F1G', 'earth.ninja@cake.com', FALSE, 'Patient'),
    (20, 'green_ninja_01', '$2b$12$30AQqi6o7R5ki1p2X3k4n81H6I5t4l3w2y1z9A8B7C6D5E4F3G2H', 'green.ninja@destiny.com', TRUE, 'Patient'),
    (21, 'cedar_king', '$2b$12$41BRrj7p8S6lj2q3Y4l5o92I7J6u5m4x3z2A0B9C8D7E6F5G4H3I', 'cedar@mulch.com', FALSE, 'Patient'),
    (22, 'bark_life', '$2b$12$52CSsk8q9T7mk3r4Z5m6p03J8K7v6n5y4A3B1C0D9E8F7G6H5I4J', 'pine.bark@landscaping.net', TRUE, 'Patient'),
    (23, 'bouncy_bits', '$2b$12$63DTtl9r0U8nl4s506n7q14K9L8w7o6z5B4C2D1E0F9G8H7I6J5K', 'bouncy@playground.org', FALSE, 'Patient'),
    (24, 'dark_mulch', '$2b$12$74EUum0s1V9om5t617o8r25LA9x8p7A6C5D3E2F1G0H9I8J7K6L', 'black.dye@stain.com', TRUE, 'Patient'),
    (25, 'straw_man', '$2b$12$85FVvn1t2W0pn6u728p9s36MB0y9q8B7D6E4F3G2H1I0J9K8L7M', 'straw@stable.net', FALSE, 'Patient'),
    (26, 'ben_kenobi', '$2b$12$96GWwo2u3X1qo7v839q0t47NC1z0r9C8E7F5G4H3I2J1K0L9M8N', 'ben.kenobi@jedi.edu', TRUE, 'Provider'),
    (27, 'grandmaster_yoda', '$2b$12$A7HXxp3v4Y2rp8w940r1u58OD2A1s0D9F8G6H5I4J3K2L1M0N9O', 'yoda@temple.org', TRUE, 'Provider'),
    (28, 'purple_blade', '$2b$12$B8IYyq4w5Z3sq9x051s2v69PE3B2t1E0G9H7I6J5K4L3M2N1O0P', 'mace.windu@council.com', TRUE, 'Provider'),
    (29, 'ah_snips', '$2b$12$C9JZzr5x6A4tr0y162t3w70QF4C3u2F1H0I8J7K6L5M4N3O2P1Q', 'snips@fulcrum.net', FALSE, 'Provider'),
    (30, 'living_force', '$2b$12$DAKAas6y7B5us1z273u4x81RG5D4v3G2I1J9K8L7M6N5O4P3Q2R', 'quigon.jinn@livingforce.com', TRUE, 'Provider'),
    (31, 'op_prime', '$2b$12$EBLBbt7z8C6vt2a384v5y92SH6E5w4H3J2K0L9M8N7O6P5Q4R3S', 'prime@autobots.org', TRUE, 'Provider'),
    (32, 'doc_ratchet', '$2b$12$FCMCcu8a9D7wu3b495w6z03TI7F6x5I4K3L1M0N9O8P7Q6R5S4T', 'ratchet@medical.cybertron', TRUE, 'Provider'),
    (33, 'iron_hide', '$2b$12$GDNDdv9b0E8xv4c506x7a14UJ8G7y6J5L4M2N1O0P9Q8R7S6T5U', 'ironhide@weapons.com', FALSE, 'Provider'),
    (34, 'mad_scientist', '$2b$12$HEOEew0c1F9yv5d617y8b25VK9H8z7K6M5N3O2P1Q0R9S8T7U6V', 'wheeljack@lab.net', TRUE, 'Provider'),
    (35, 'magnus_cmd', '$2b$12$IFPFfx1d2G0zw6e728z9c36WL0I9A8L7N6O4P3Q2R1S0T9U8V7W', 'magnus@vanguard.com', TRUE, 'Provider'),
    (36, 'jon_the_man', '$2b$12$JGQGgy2e3H1ax7f839a0d47XM1J0B9M8O7P5Q4R3S2T1U0V9W8X', 'jon.arbuckle@cartoons.net', FALSE, 'Provider'),
    (37, 'liz_vet_dr', '$2b$12$KHRHhz3f4I2by8g940b1e58YN2K1C0N9P8Q6R5S4T3U2V1W0X9Y', 'dr.liz@vetcare.com', TRUE, 'Provider'),
    (38, 'missing_lyman', '$2b$12$LISIi a4g5J3cy9h051c2f69ZO3L2D1O0Q9R7S6T5U4V3W2X1Y0Z', 'lyman@missing.net', FALSE, 'Provider'),
    (39, 'binky_hello', '$2b$12$MJTJjb5h6K4dz0i162d3g70AP4M3E2P1R0S8T7U6V5W4X3Y2Z1A', 'binky@clown.tv', FALSE, 'Provider'),
    (40, 'irmas_diner', '$2b$12$NKUKkc6i7L5ez1j273e4h81BQ5N4F3Q2S1T9U8V7W6X5Y4Z3A2B', 'irma@diner.com', TRUE, 'Provider'),
    (41, 'master_wu_tea', '$2b$12$OLVLld7j8M6fz2k384f5i92CR6O5G4R3T2U0V9W8X7Y6Z5A4B3C', 'wu@tea.org', TRUE, 'Provider'),
    (42, 'archaeologist_m', '$2b$12$PMWMme8k9N7gz3l495g6j03DS7P6H5S4U3V1W0X9Y8Z7A6B5C4D', 'misako@museum.org', TRUE, 'Provider'),
    (43, 'water_ninja_nya', '$2b$12$QNXNnf9l0O8hz4m506h7k14ET8Q7I6T5V4W2X1Y0Z9A8B7C6D5E', 'water.ninja@ninjago.org', FALSE, 'Provider'),
    (44, 'borg_tech', '$2b$12$ROYOog0m1P9iz5n617i8l25FU9R8J7U6W5X3Y2Z1A0B9C8D7E6F', 'cyrus.borg@borgindustries.com', TRUE, 'Provider'),
    (45, 'brown_ninja_d', '$2b$12$SPZPph1n2Q0jz6o728j9m36GV0S9K8V7X6Y4Z3A2B1C0D9E8F7G', 'grandmaster@brownninja.com', FALSE, 'Provider'),
    (46, 'cocoa_mulch', '$2b$12$TQaqqi2o3R1kz7p839k0n47HW1T0L9W8Y7Z5A4B3C2D1E0F9G8H', 'cocoa@garden.net', TRUE, 'Provider'),
    (47, 'red_mulch_01', '$2b$12$URbrrj3p4S2lz8q940l1o58IX2U1M0X9Z8A6B5C4D3E2F1G0H9I', 'hemlock@landscape.com', FALSE, 'Provider'),
    (48, 'oak_shredder', '$2b$12$VScssk4q5T3mz9r051m2p69JY3V2N1Y0A9B7C6D5E4F3G2H1I0J', 'oak.mulch@soil.org', TRUE, 'Provider'),
    (49, 'compost_pro', '$2b$12$WTdttl5r6U4nz0s162n3q70KZ4W3O2Z1B0C8D7E6F5G4H3I2J1K', 'organic@compost.net', TRUE, 'Provider'),
    (50, 'gravel_path', '$2b$12$XUeuum6s7V5oz1t273o4r81LA5X4P3A2C1D9E8F7G6H5I4J3K2L', 'gravel@pathway.com', FALSE, 'Provider');

-- 3. Patients (Mapped accountIDs and extracted insurance)
INSERT INTO Patient (patientID, accountID, firstName, lastName, DOB, phoneNumber, gender, insuranceDetails) VALUES
    (1, 1, 'Luke', 'Skywalker', '2003-01-01', '555-0101', 'Male', 'Rebel Alliance Health'),
    (2, 2, 'Leia', 'Organa', '2003-01-01', '555-0102', 'Female', 'Alderaan Royal Care'),
    (3, 3, 'Han', 'Solo', '1991-01-01', '555-0103', 'Male', 'Smugglers Union'),
    (4, 4, 'Chewbacca', 'Wookiee', '1826-01-01', '555-0104', 'Male', 'Kashyyyk Life'),
    (5, 5, 'C-3PO', 'Cyborg', '1966-01-01', '555-0105', 'Male', 'Tatooine Tech Insurance'),
    (6, 6, 'Bumblebee', 'Autobot', '1926-01-01', '555-0201', 'Male', 'Cybertronian Shield'),
    (7, 7, 'Cliff', 'Jumper', '1931-01-01', '555-0202', 'Male', 'Autobot Defense Plan'),
    (8, 8, 'Grimlock', 'Dinobot', '1026-01-01', '555-0203', 'Male', 'Dinobot Primitive'),
    (9, 9, 'Arcee', 'Autobot', '1916-01-01', '555-0204', 'Female', 'Cybertron Elite Care'),
    (10, 10, 'Hot', 'Rod', '1986-01-01', '555-0205', 'Male', 'Matrix Protection'),
    (11, 11, 'Garfield', 'Cat', '1981-01-01', '555-0301', 'Male', 'Arbuckle Household'),
    (12, 12, 'Odie', 'Dog', '2014-01-01', '555-0302', 'Male', 'Arbuckle Household'),
    (13, 13, 'Nermal', 'Cat', '2021-01-01', '555-0303', 'Male', 'Cutest Cat Premium'),
    (14, 14, 'Pooky', 'Bear', '1986-01-01', '555-0304', 'Male', 'N/A'),
    (15, 15, 'Arlene', 'Pink', '1984-01-01', '555-0305', 'Female', 'City Feline Med'),
    (16, 16, 'Kai', 'Smith', '2007-01-01', '555-0401', 'Male', 'Elemental Alliance'),
    (17, 17, 'Jay', 'Walker', '2007-01-01', '555-0402', 'Male', 'Walker Salvage Plan'),
    (18, 18, 'Zane', 'Julien', '1926-01-01', '555-0403', 'Male', 'Dr. Julien Care'),
    (19, 19, 'Cole', 'Brookstone', '2006-01-01', '555-0404', 'Male', 'Brookstone Family'),
    (20, 20, 'Lloyd', 'Garmadon', '2008-01-01', '555-0405', 'Male', 'Destiny’s Bounty Med'),
    (21, 21, 'Cedar', 'Chips', '2025-01-01', '555-0501', 'Male', 'Lawn & Garden Gold'),
    (22, 22, 'Pine', 'Bark', '2024-01-01', '555-0502', 'Female', 'Arbor Health'),
    (23, 23, 'Rubber', 'Mulch', '2016-01-01', '555-0503', 'Male', 'Playground Safe Care'),
    (24, 24, 'Black', 'Dye', '2025-01-01', '555-0504', 'Female', 'Designer Landscape'),
    (25, 25, 'Straw', 'Bedding', '2025-01-01', '555-0505', 'Male', 'Farmhand Insurance');

-- 4. Providers (IDs shifted down, type/specialty added)
INSERT INTO HealthcareProvider (providerID, accountID, departmentID, firstName, lastName, providerType, specialty) VALUES
    -- Emergency & Trauma (Dept 1)
    (1, 26, 1, 'Obi-Wan', 'Kenobi', 'Doctor', 'Disaster Management'),
    (2, 28, 1, 'Mace', 'Windu', 'Doctor', 'Combat Trauma'),
    (3, 39, 1, 'Binky', 'Clown', 'Nurse', 'Triage & Entertainment'),
    (4, 45, 1, 'Dareth', 'Ninja', 'Nurse', 'Holistic First Aid'),
    (5, 50, 1, 'Pea', 'Gravel', 'Nurse', 'Critical Care Recovery'),

    -- Neurology & Mental Health (Dept 2)
    (6, 27, 2, 'Yoda', 'Grandmaster', 'Doctor', 'Cognitive Behavioral Therapy'),
    (7, 30, 2, 'Qui-Gon', 'Jinn', 'Doctor', 'Existential Psychotherapy'),
    (8, 38, 2, 'Lyman', 'N/A', 'Nurse', 'Psychiatric Observation'),
    (9, 41, 2, 'Master', 'Wu', 'Doctor', 'Zen Meditation & Mindfulness'),
    (10, 47, 2, 'Hemlock', 'Red', 'Doctor', 'Neuro-Toxicology'),

    -- Internal Medicine (Dept 3)
    (11, 29, 3, 'Ahsoka', 'Tano', 'Nurse', 'Infectious Diseases'),
    (12, 36, 3, 'Jon', 'Arbuckle', 'Nurse', 'Allergy & Immunology'),
    (13, 40, 3, 'Irma', 'Diner', 'Nurse', 'Gastroenterology & Nutrition'),
    (14, 42, 3, 'Misako', 'Garmadon', 'Doctor', 'Geriatric Care'),
    (15, 48, 3, 'Shredded', 'Oak', 'Nurse', 'Rheumatology'),

    -- Cybernetic Surgery (Dept 4)
    (16, 31, 4, 'Optimus', 'Prime', 'Doctor', 'Structural Re-engineering'),
    (17, 33, 4, 'Ironhide', 'Warrior', 'Nurse', 'Ballistic Prosthetics'),
    (18, 35, 4, 'Ultra', 'Magnus', 'Doctor', 'Orthopedic Integration'),
    (19, 44, 4, 'Cyrus', 'Borg', 'Doctor', 'Neural Interfacing'),
    (20, 46, 4, 'Cocoa', 'Shell', 'Nurse', 'Protective Layering'),

    -- General Pediatrics (Dept 5)
    (21, 32, 5, 'Ratchet', 'Medic', 'Doctor', 'Developmental Mechanics'),
    (22, 34, 5, 'Wheeljack', 'Inventor', 'Doctor', 'Kinetic Growth & Prosthesis'),
    (23, 37, 5, 'Liz', 'Wilson', 'Doctor', 'Feline-Human Hybrid Zoonotics'),
    (24, 43, 5, 'Nya', 'Smith', 'Nurse', 'Hydro-Therapeutic Care'),
    (25, 49, 5, 'Compost', 'Blend', 'Doctor', 'Organic Growth Stimulation');

-- 5. Patient History & Allergies (Extracted from Medical Records)
INSERT INTO PatientHistory (patientID, diagnosis) VALUES
    (1, 'Hand replacement surgery; history of Force-exhaustion.'),
    (2, 'High stress levels; history of vacuum exposure.'),
    (3, 'Multiple blunt force traumas; frozen in carbonite.'),
    (4, 'Lower back pain from carrying protocol droids.'),
    (5, 'Frequent memory wipes; joint stiffness.'),
    (6, 'Damaged vocal processor; frequent paint touch-ups.'),
    (7, 'Aggressive driving injuries; history of jumping.'),
    (8, 'Dental wear on metal teeth; fire-breath irritation.'),
    (9, 'Combat-related chassis dents.'),
    (10, 'Premature leadership stress.'),
    (11, 'Chronic obesity; extreme lethargy; lasagna addiction.'),
    (12, 'Excessive drooling; history of being kicked off tables.'),
    (13, 'Minor injuries from being mailed in boxes.'),
    (14, 'Losing stuffing; needs occasional stitching.'),
    (15, 'Dental checkups for gap alignment.'),
    (16, 'Occasional smoke inhalation; singed eyebrows.'),
    (17, 'Frequent electrical shocks; anxiety.'),
    (18, 'Coolant leaks; processor overheating.'),
    (19, 'Stomach aches from excessive cake consumption.'),
    (20, 'Identity crisis; golden power fatigue.'),
    (21, 'Brittleness; fading color due to UV.'),
    (22, 'Moisture loss; flaking.'),
    (23, 'No natural decay; high impact resistance.'),
    (24, 'Dye bleeding; sun bleaching.'),
    (25, 'Rapid decomposition; highly flammable.');

INSERT INTO PatientAllergy (patientID, allergen) VALUES
    (3, 'Carbonite residue'),
    (4, 'Grooming chemicals'),
    (5, 'Magnetic pulses'),
    (6, 'Rust-proofing agents'),
    (7, 'Poor quality Energon'),
    (8, 'Small logic circuits'),
    (9, 'Latex-based lubricants'),
    (10, 'Inert gas'),
    (11, 'Mondays'),
    (11, 'Raisins'),
    (13, 'Packing peanuts'),
    (14, 'Dryer lint'),
    (15, 'Cheap cat food'),
    (16, 'Water-based attacks'),
    (17, 'Rubber boots'),
    (18, 'Extreme heat'),
    (19, 'Low-carb diets'),
    (20, 'Darkness'),
    (21, 'Wood-boring beetles'),
    (22, 'Termites'),
    (23, 'High temperatures'),
    (24, 'Rainwater acidity'),
    (25, 'Fire'),
    (25, 'Dampness');

INSERT INTO Visit (visitID, patientID, providerID, visitTimestamp, purpose, walkIn) VALUES
    (1, 1, 1, '2026-01-15 09:00:00', 'Follow-up on prosthetic hand sensitivity.', FALSE),
    (2, 3, 2, '2026-03-22 14:30:00', 'Emergency treatment for residual carbonite blindness.', TRUE),
    (3, 6, 21, '2026-04-01 11:00:00', 'Voice box calibration and oil change.', FALSE),
    (4, 11, 23, '2026-04-07 10:15:00', 'Consultation regarding lasagna-induced lethargy.', FALSE),
    (5, 13, 13, '2025-08-19 16:00:00', 'Treatment for box-related claustrophobia.', TRUE),
    (6, 20, 9, '2026-04-02 08:00:00', 'Tea therapy for Golden Power exhaustion.', FALSE),
    (7, 2, 6, '2026-03-17 17:00:00', 'Monitoring of one-legged balance during Hop Scorch ritual.', FALSE),
    (8, 5, 19, '2025-11-30 13:00:00', 'Lubrication of complaining-related vocal servos.', FALSE),
    (9, 8, 22, '2026-02-28 12:00:00', 'Dental cleaning for titanium dinosaur teeth.', TRUE),
    (10, 18, 16, '2026-03-30 15:45:00', 'Coolant leak investigation in chassis.', FALSE),
    (11, 21, 25, '2026-04-05 09:30:00', 'Check-up for premature decomposition.', FALSE),
    (12, 17, 4, '2026-01-20 11:30:00', 'Anxiety management regarding Lightning element overload.', FALSE),
    (13, 4, 11, '2026-02-14 10:00:00', 'Grooming-related skin irritation check.', TRUE),
    (14, 15, 12, '2026-02-15 14:00:00', 'Gap alignment assessment; request for better cat food.', FALSE),
    (15, 25, 5, '2026-04-08 16:20:00', 'Fire safety consultation after near-incineration.', TRUE),
    (16, 1, 7, '2025-12-05 10:00:00', 'Psychological counseling for family-related stress.', FALSE),
    (17, 2, 11, '2025-11-20 09:15:00', 'Treatment for diplomatic fatigue and space-vacuum exposure.', FALSE),
    (18, 4, 1, '2026-02-01 08:30:00', 'Chronic back pain management.', FALSE),
    (19, 7, 16, '2026-01-05 13:00:00', 'Shock absorber replacement after high-altitude jump.', FALSE),
    (20, 9, 20, '2025-05-12 11:00:00', 'Armor plating reinforcement and dent removal.', FALSE),
    (21, 10, 19, '2026-03-10 14:00:00', 'Matrix-related stress management.', FALSE),
    (22, 12, 23, '2026-04-06 09:00:00', 'Post-impact assessment after being kicked off table.', TRUE),
    (23, 14, 25, '2026-01-01 10:00:00', 'Restorative stitching for internal stuffing loss.', FALSE),
    (24, 16, 4, '2026-03-25 15:00:00', 'Burn treatment for singed eyebrows.', TRUE),
    (25, 19, 13, '2025-11-12 11:45:00', 'Gastrointestinal consult for cake-heavy diet.', FALSE),
    (26, 22, 25, '2026-02-10 10:30:00', 'Anti-termite bark treatment.', FALSE),
    (27, 23, 18, '2026-03-15 08:00:00', 'Impact resistance testing.', FALSE),
    (28, 24, 21, '2026-01-28 12:00:00', 'Sun bleaching assessment for black dye.', FALSE),
    (29, 1, 19, '2026-04-20 13:30:00', 'Cybernetic wrist maintenance.', FALSE),
    (30, 3, 1, '2026-04-15 15:00:00', 'General checkup after long-distance travel.', FALSE),
    (31, 5, 20, '2026-03-05 09:00:00', 'Translator circuit cleaning.', FALSE),
    (32, 6, 7, '2026-03-20 10:30:00', 'Vocal processor firmware update.', FALSE),
    (33, 8, 22, '2026-04-10 14:15:00', 'Tail hinge lubrication.', FALSE),
    (34, 11, 13, '2026-04-12 11:00:00', 'Mandatory weight check.', FALSE),
    (35, 17, 9, '2026-02-20 16:00:00', 'Meditation session for lightning focus.', FALSE),
    (36, 18, 19, '2026-04-18 08:45:00', 'Processor cooling efficiency test.', FALSE),
    (37, 20, 2, '2026-04-19 14:00:00', 'Leadership counseling.', FALSE),
    (38, 21, 24, '2026-04-21 12:30:00', 'UV protection coating application.', FALSE),
    (39, 7, 2, '2026-02-05 09:15:00', 'Impulse control therapy.', FALSE),
    (40, 9, 16, '2026-03-01 10:00:00', 'Structural integrity scan.', FALSE),
    (41, 15, 23, '2026-04-02 11:30:00', 'Routine feline dental cleaning.', FALSE),
    (42, 10, 1, '2026-04-03 13:00:00', 'First aid training for leadership roles.', FALSE),
    (43, 4, 18, '2026-04-04 14:45:00', 'Hydrotherapy for joint relief.', FALSE),
    (44, 2, 7, '2026-04-05 16:00:00', 'PTSD support session.', FALSE),
    (45, 13, 23, '2026-04-06 08:30:00', 'Kitten developmental checkup.', FALSE),
    (46, 12, 13, '2026-04-07 09:45:00', 'Salivary gland assessment.', FALSE),
    (47, 19, 10, '2026-04-08 10:30:00', 'Neurological consult for earth-elemental fatigue.', FALSE),
    (48, 24, 15, '2026-04-09 11:15:00', 'Dietary consult for pH-balanced mulch.', FALSE),
    (49, 16, 24, '2026-04-10 13:00:00', 'Treatment for smoke-induced eye irritation.', TRUE),
    (50, 5, 6, '2026-04-11 15:45:00', 'Existential logic loop resolution.', FALSE);

INSERT INTO Billing (billingID, amount, status, patientID, visitID) VALUES
    (1, 450.00, 'Paid', 1, 1),
    (2, 1200.00, 'Paid', 3, 2),
    (3, 350.00, 'Pending', 6, 3),
    (4, 150.00, 'Pending', 11, 4),
    (5, 225.00, 'Paid', 13, 5),
    (6, 500.00, 'Paid', 20, 6),
    (7, 300.00, 'Overdue', 2, 7),
    (8, 175.00, 'Paid', 5, 8),
    (9, 850.00, 'Paid', 8, 9),
    (10, 600.00, 'Pending', 18, 10),
    (11, 120.00, 'Pending', 21, 11),
    (12, 400.00, 'Paid', 17, 12),
    (13, 150.00, 'Paid', 4, 13),
    (14, 250.00, 'Paid', 15, 14),
    (15, 3000.00, 'Pending', 25, 15),
    (16, 550.00, 'Paid', 1, 16),
    (17, 900.00, 'Paid', 2, 17),
    (18, 450.00, 'Paid', 4, 18),
    (19, 1100.00, 'Paid', 7, 19),
    (20, 2500.00, 'Paid', 9, 20),
    (21, 800.00, 'Paid', 10, 21),
    (22, 350.00, 'Pending', 12, 22),
    (23, 400.00, 'Paid', 14, 23),
    (24, 600.00, 'Paid', 16, 24),
    (25, 350.00, 'Paid', 19, 25),
    (26, 450.00, 'Paid', 22, 26),
    (27, 200.00, 'Paid', 23, 27),
    (28, 300.00, 'Paid', 24, 28),
    (29, 750.00, 'Pending', 1, 29),
    (30, 200.00, 'Pending', 3, 30),
    (31, 150.00, 'Paid', 5, 31),
    (32, 250.00, 'Paid', 6, 32),
    (33, 400.00, 'Pending', 8, 33),
    (34, 120.00, 'Overdue', 11, 34),
    (35, 500.00, 'Paid', 17, 35),
    (36, 600.00, 'Pending', 18, 36),
    (37, 500.00, 'Pending', 20, 37),
    (38, 300.00, 'Pending', 21, 38),
    (39, 450.00, 'Paid', 7, 39),
    (40, 1200.00, 'Paid', 9, 40),
    (41, 180.00, 'Pending', 15, 41),
    (42, 300.00, 'Pending', 10, 42),
    (43, 650.00, 'Pending', 4, 43),
    (44, 400.00, 'Pending', 2, 44),
    (45, 150.00, 'Pending', 13, 45),
    (46, 120.00, 'Pending', 12, 46),
    (47, 550.00, 'Pending', 19, 47),
    (48, 150.00, 'Pending', 24, 48),
    (49, 300.00, 'Pending', 16, 49),
    (50, 950.00, 'Pending', 5, 50);

INSERT INTO LabResult (labResultID, patientID, visitID, testName, testDate, resultValue, referenceRange, status, notes, orderedBy) VALUES
    (1, 1, 1, 'Midichlorian Count', '2026-01-15 10:00:00', '20,000 ppm', '> 2,500 ppm', 'Completed', 'Force sensitivity confirmed; patient is stable.', 1),
    (2, 3, 2, 'Carbonite Toxicity Screen', '2026-03-22 15:30:00', '15%', '< 5%', 'Abnormal', 'High levels of residual carbonite in the bloodstream.', 2),
    (3, 6, 3, 'Energon Purity Analysis', '2026-04-01 11:45:00', '98%', '95-100%', 'Completed', 'Fuel quality is optimal.', 21),
    (4, 11, 4, 'Serum Cholesterol (Lasagna Panel)', '2026-04-07 11:00:00', '350 mg/dL', '< 200 mg/dL', 'Abnormal', 'Extreme levels of pasta-based lipids detected.', 23),
    (5, 13, 5, 'Stress Cortisol Level', '2025-08-19 16:45:00', '45 mcg/dL', '5-23 mcg/dL', 'Abnormal', 'Elevated stress likely due to international shipping.', 15),
    (6, 20, 6, 'Elemental Resonance Scan', '2026-04-02 09:00:00', 'Golden', 'Green-Golden', 'Completed', 'Power levels are recalibrating correctly.', 9),
    (7, 2, 7, 'Equilibrium & Vestibular Test', '2026-03-17 18:00:00', 'Pass', 'Pass/Fail', 'Completed', 'Patient maintained balance during ritual despite scotch.', 6),
    (8, 5, 8, 'Logic Gate Integrity Check', '2025-11-30 14:00:00', '99.9%', '100%', 'Abnormal', 'Minor glitch in the complaining subroutine.', 19),
    (9, 8, 9, 'Alloy Density Scan', '2026-02-28 13:00:00', 'Solid Titanium', 'N/A', 'Completed', 'Chassis integrity is exceptional.', 22),
    (10, 18, 10, 'Coolant Viscosity Test', '2026-03-30 16:30:00', 'High', 'Medium', 'Abnormal', 'Coolant thickening due to internal overheating.', 16),
    (11, 21, 11, 'Organic Decay Rate', '2026-04-05 10:00:00', '0.5% per week', '< 0.1% per week', 'Abnormal', 'Premature decomposition noted in lower layers.', 25),
    (12, 17, 12, 'Electrical Discharge Frequency', '2026-01-20 12:00:00', '500 kV', '200-300 kV', 'Abnormal', 'Voltage spikes occurring during emotional outbursts.', 4),
    (13, 4, 13, 'Epidermal Parasite Screen', '2026-02-14 10:45:00', 'Negative', 'Negative', 'Completed', 'Fur is free of galactic lice.', 11),
    (14, 15, 14, 'Dental X-Ray (Gap Alignment)', '2026-02-15 15:00:00', '3mm Gap', '2-4mm Gap', 'Completed', 'Gap remains aesthetically pleasing and functional.', 12),
    (15, 25, 15, 'Flammability Index', '2026-04-08 17:00:00', 'Class A', 'Class C', 'Abnormal', 'Highly combustible; patient must avoid open flames.', 5),
    (16, 12, 22, 'Bone Density (Cranial)', '2026-04-06 10:00:00', 'Normal', 'Normal', 'Completed', 'No damage from table-kicking incidents.', 23),
    (17, 19, 25, 'Blood Glucose (Post-Cake)', '2025-11-12 13:00:00', '210 mg/dL', '70-140 mg/dL', 'Abnormal', 'Significant spike following birthday celebration.', 13),
    (18, 1, 29, 'Cybernetic Nerve Response', '2026-04-20 14:15:00', '12ms', '< 15ms', 'Completed', 'Prosthetic wrist response time is within spec.', 19),
    (19, 23, 27, 'Tension Compression Test', '2026-03-15 09:00:00', '1500 PSI', '> 1200 PSI', 'Completed', 'Rubber mulch maintains high impact absorption.', 18),
    (20, 11, 34, 'Biometric Weight Assessment', '2026-04-12 11:30:00', '25 lbs', '< 15 lbs', 'Abnormal', 'Patient is significantly over optimal feline weight.', 13);