USE emrs_database;

#Adding test data to user table but none of these passwords actually work, just filler text
INSERT INTO User (ID, authCredentials, firstName, lastName, phoneNumber, age, gender, email, twoFactorEnabled, userType) VALUES ('l_skywalker', '$2b$12$K1H7Xp7v8Y6r9Q2w3E4r5u9I8o7p6a5s4d3f2g1h0j9k8l7m6n5o4', 'Luke', 'Skywalker', '555-0101', 23, 'Male', 'luke.skywalker@rebelalliance.org', TRUE, 'Patient');
INSERT INTO User (ID, authCredentials, firstName, lastName, phoneNumber, age, gender, email, twoFactorEnabled, userType) VALUES ('princess_leia', '$2b$12$L2I8Yq8w9Z7s0R3x4F5s6v0J9p8q7b6t5e4g3h1i0k9l8m7n6o5p', 'Leia', 'Organa', '555-0102', 23, 'Female', 'leia.organa@alderaan.gov', FALSE, 'Patient');
INSERT INTO User (ID, authCredentials, firstName, lastName, phoneNumber, age, gender, email, twoFactorEnabled, userType) VALUES ('scruffy_nerfherder', '$2b$12$M3J9Zr9x0A8t1S4y5G6t7w1K0q9r8c7u6f5h4i2j1l0m9n8o7p6q', 'Han', 'Solo', '555-0103', 35, 'Male', 'han.solo@millenniumfalcon.com', FALSE, 'Patient');
INSERT INTO User (ID, authCredentials, firstName, lastName, phoneNumber, age, gender, email, twoFactorEnabled, userType) VALUES ('walking_carpet', '$2b$12$N4KAas0y1B9u2T5z6H7u8x2L1r0s9d8v7g6i5j3k2m1n0o9p8q7r', 'Chewbacca', 'Wookiee', '555-0104', 200, 'Male', 'chewie@kashyyyk.net', TRUE, 'Patient');
INSERT INTO User (ID, authCredentials, firstName, lastName, phoneNumber, age, gender, email, twoFactorEnabled, userType) VALUES ('gold_droid', '$2b$12$O5LBbt1z2C0v3U6a7I8v9y3M2s1t0e9w8h7j6k4l3n2o1p0q9r8s', 'C-3PO', 'Cyborg', '555-0105', 60, 'Male', 'threepio@protocol.droid', TRUE, 'Patient');
INSERT INTO User (ID, authCredentials, firstName, lastName, phoneNumber, age, gender, email, twoFactorEnabled, userType) VALUES ('bee_b127', '$2b$12$P6MCcu2a3D1w4V7b8J9w0z4N3t2u1f0x9i8k7l5m4o3p2q1r0s9t', 'Bumblebee', 'Autobot', '555-0201', 100, 'Male', 'bee.b127@cybertron.com', FALSE, 'Patient');
INSERT INTO User (ID, authCredentials, firstName, lastName, phoneNumber, age, gender, email, twoFactorEnabled, userType) VALUES ('cliff_j', '$2b$12$Q7NDdv3b4E2x5W8c9K0x1a5O4u3v2g1y0j9l8m6n5p4q3r2s1t0u', 'Cliff', 'Jumper', '555-0202', 95, 'Male', 'cliff.jumper@autobots.org', TRUE, 'Patient');
INSERT INTO User (ID, authCredentials, firstName, lastName, phoneNumber, age, gender, email, twoFactorEnabled, userType) VALUES ('king_grimlock', '$2b$12$R8OEew4c5F3y6X9d0L1y2b6P5v4w3h2z1k0m9n7o6q5r4s3t2u1v', 'Grimlock', 'Dinobot', '555-0203', 1000, 'Male', 'king.grimlock@dinobots.com', FALSE, 'Patient');
INSERT INTO User (ID, authCredentials, firstName, lastName, phoneNumber, age, gender, email, twoFactorEnabled, userType) VALUES ('arcee_pink', '$2b$12$S9PFfx5d6G4z7Y0e1M2z3c7Q6w5x4i3a2l1n0o8p7r6s5t4u3v2w', 'Arcee', 'Autobot', '555-0204', 110, 'Female', 'arcee.scout@cybertron.net', TRUE, 'Patient');
INSERT INTO User (ID, authCredentials, firstName, lastName, phoneNumber, age, gender, email, twoFactorEnabled, userType) VALUES ('hot_rod_01', '$2b$12$T0QGgy6e7H5a8Z1f2N3a4d8R7x6y5j4b3m2o1p9q8s7t6u5v4w3x', 'Hot', 'Rod', '555-0205', 40, 'Male', 'hot.rod@matrix.com', FALSE, 'Patient');
INSERT INTO User (ID, authCredentials, firstName, lastName, phoneNumber, age, gender, email, twoFactorEnabled, userType) VALUES ('mondays_suck', '$2b$12$U1RHhz7f8I6b9A2g3O4b5e9S8y7z6k5c4n3p2q0r9t8u7v6w5x4y', 'Garfield', 'Cat', '555-0301', 45, 'Male', 'lasagna.lover@jon.mail', FALSE, 'Patient');
INSERT INTO User (ID, authCredentials, firstName, lastName, phoneNumber, age, gender, email, twoFactorEnabled, userType) VALUES ('bark_bark_odie', '$2b$12$V2SIia8g9J7ca3h4P5c6f0T9z8A7l6d5o4q3r1s0u9v8w7x6y5z', 'Odie', 'Dog', '555-0302', 12, 'Male', 'woof.drool@arbuckle.com', FALSE, 'Patient');
INSERT INTO User (ID, authCredentials, firstName, lastName, phoneNumber, age, gender, email, twoFactorEnabled, userType) VALUES ('abu_dhabi_bound', '$2b$12$W3TJjb9h0K8db4i5Q6d7g1U0A9B8m7e6p5r4s2t1v0w9x8y7z6A', 'Nermal', 'Cat', '555-0303', 5, 'Male', 'cutest.kitten@abudhabi.com', TRUE, 'Patient');
INSERT INTO User (ID, authCredentials, firstName, lastName, phoneNumber, age, gender, email, twoFactorEnabled, userType) VALUES ('pooky_bear', '$2b$12$X4UKkc0i1L9ec5j6R7e8h2V1B0C9n8f7q6s5t3u2w1x0y9z8A7B', 'Pooky', 'Bear', '555-0304', 40, 'Male', 'pooky@garfield.co', FALSE, 'Patient');
INSERT INTO User (ID, authCredentials, firstName, lastName, phoneNumber, age, gender, email, twoFactorEnabled, userType) VALUES ('arlene_gap', '$2b$12$Y5VLld1j2M0fd6k7S8f9i3W2C1D0o9g8r7t6u4v3x2y1z0A9B8C', 'Arlene', 'Pink', '555-0305', 42, 'Female', 'arlene.cat@city.net', TRUE, 'Patient');
INSERT INTO User (ID, authCredentials, firstName, lastName, phoneNumber, age, gender, email, twoFactorEnabled, userType) VALUES ('kai_fire', '$2b$12$Z6WMme2k3N1ge7l8T9g0j4X3D2E1p0h9s8u7v5w4y3z2A1B0C9D', 'Kai', 'Smith', '555-0401', 19, 'Male', 'fire.ninja@spinjitzu.com', TRUE, 'Patient');
INSERT INTO User (ID, authCredentials, firstName, lastName, phoneNumber, age, gender, email, twoFactorEnabled, userType) VALUES ('lightning_jay', '$2b$12$07XNnf3l4O2hf8m9U0h1k5Y4E3F2q1i0t9v8w6x5z4A3B2C1D0E', 'Jay', 'Walker', '555-0402', 19, 'Male', 'lightning.ninja@ninjago.net', FALSE, 'Patient');
INSERT INTO User (ID, authCredentials, firstName, lastName, phoneNumber, age, gender, email, twoFactorEnabled, userType) VALUES ('ice_zane', '$2b$12$18YOog4m5P3ig9n0V1i2l6Z5F4G3r2j1u0w9x7y6A5B4C3D2E1F', 'Zane', 'Julien', '555-0403', 100, 'Male', 'ice.droid@ninja.org', TRUE, 'Patient');
INSERT INTO User (ID, authCredentials, firstName, lastName, phoneNumber, age, gender, email, twoFactorEnabled, userType) VALUES ('cake_cole', '$2b$12$29ZPph5n6Q4jh0o1W2j3m70G5H4s3k2v1x0y8z7A6B5C4D3E2F1G', 'Cole', 'Brookstone', '555-0404', 20, 'Male', 'earth.ninja@cake.com', FALSE, 'Patient');
INSERT INTO User (ID, authCredentials, firstName, lastName, phoneNumber, age, gender, email, twoFactorEnabled, userType) VALUES ('green_ninja_01', '$2b$12$30AQqi6o7R5ki1p2X3k4n81H6I5t4l3w2y1z9A8B7C6D5E4F3G2H', 'Lloyd', 'Garmadon', '555-0405', 18, 'Male', 'green.ninja@destiny.com', TRUE, 'Patient');
INSERT INTO User (ID, authCredentials, firstName, lastName, phoneNumber, age, gender, email, twoFactorEnabled, userType) VALUES ('cedar_king', '$2b$12$41BRrj7p8S6lj2q3Y4l5o92I7J6u5m4x3z2A0B9C8D7E6F5G4H3I', 'Cedar', 'Chips', '555-0501', 1, 'Male', 'cedar@mulch.com', FALSE, 'Patient');
INSERT INTO User (ID, authCredentials, firstName, lastName, phoneNumber, age, gender, email, twoFactorEnabled, userType) VALUES ('bark_life', '$2b$12$52CSsk8q9T7mk3r4Z5m6p03J8K7v6n5y4A3B1C0D9E8F7G6H5I4J', 'Pine', 'Bark', '555-0502', 2, 'Female', 'pine.bark@landscaping.net', TRUE, 'Patient');
INSERT INTO User (ID, authCredentials, firstName, lastName, phoneNumber, age, gender, email, twoFactorEnabled, userType) VALUES ('bouncy_bits', '$2b$12$63DTtl9r0U8nl4s506n7q14K9L8w7o6z5B4C2D1E0F9G8H7I6J5K', 'Rubber', 'Mulch', '555-0503', 10, 'Male', 'bouncy@playground.org', FALSE, 'Patient');
INSERT INTO User (ID, authCredentials, firstName, lastName, phoneNumber, age, gender, email, twoFactorEnabled, userType) VALUES ('dark_mulch', '$2b$12$74EUum0s1V9om5t617o8r25LA9x8p7A6C5D3E2F1G0H9I8J7K6L', 'Black', 'Dye', '555-0504', 1, 'Female', 'black.dye@stain.com', TRUE, 'Patient');
INSERT INTO User (ID, authCredentials, firstName, lastName, phoneNumber, age, gender, email, twoFactorEnabled, userType) VALUES ('straw_man', '$2b$12$85FVvn1t2W0pn6u728p9s36MB0y9q8B7D6E4F3G2H1I0J9K8L7M', 'Straw', 'Bedding', '555-0505', 1, 'Male', 'straw@stable.net', FALSE, 'Patient');
INSERT INTO User (ID, authCredentials, firstName, lastName, phoneNumber, age, gender, email, twoFactorEnabled, userType) VALUES ('ben_kenobi', '$2b$12$96GWwo2u3X1qo7v839q0t47NC1z0r9C8E7F5G4H3I2J1K0L9M8N', 'Obi-Wan', 'Kenobi', '555-0601', 57, 'Male', 'ben.kenobi@jedi.edu', TRUE, 'Provider');
INSERT INTO User (ID, authCredentials, firstName, lastName, phoneNumber, age, gender, email, twoFactorEnabled, userType) VALUES ('grandmaster_yoda', '$2b$12$A7HXxp3v4Y2rp8w940r1u58OD2A1s0D9F8G6H5I4J3K2L1M0N9O', 'Yoda', 'Grandmaster', '555-0602', 900, 'Male', 'yoda@temple.org', TRUE, 'Provider');
INSERT INTO User (ID, authCredentials, firstName, lastName, phoneNumber, age, gender, email, twoFactorEnabled, userType) VALUES ('purple_blade', '$2b$12$B8IYyq4w5Z3sq9x051s2v69PE3B2t1E0G9H7I6J5K4L3M2N1O0P', 'Mace', 'Windu', '555-0603', 53, 'Male', 'mace.windu@council.com', TRUE, 'Provider');
INSERT INTO User (ID, authCredentials, firstName, lastName, phoneNumber, age, gender, email, twoFactorEnabled, userType) VALUES ('ah_snips', '$2b$12$C9JZzr5x6A4tr0y162t3w70QF4C3u2F1H0I8J7K6L5M4N3O2P1Q', 'Ahsoka', 'Tano', '555-0604', 32, 'Female', 'snips@fulcrum.net', FALSE, 'Provider');
INSERT INTO User (ID, authCredentials, firstName, lastName, phoneNumber, age, gender, email, twoFactorEnabled, userType) VALUES ('living_force', '$2b$12$DAKAas6y7B5us1z273u4x81RG5D4v3G2I1J9K8L7M6N5O4P3Q2R', 'Qui-Gon', 'Jinn', '555-0605', 60, 'Male', 'quigon.jinn@livingforce.com', TRUE, 'Provider');
INSERT INTO User (ID, authCredentials, firstName, lastName, phoneNumber, age, gender, email, twoFactorEnabled, userType) VALUES ('op_prime', '$2b$12$EBLBbt7z8C6vt2a384v5y92SH6E5w4H3J2K0L9M8N7O6P5Q4R3S', 'Optimus', 'Prime', '555-0701', 9000, 'Male', 'prime@autobots.org', TRUE, 'Provider');
INSERT INTO User (ID, authCredentials, firstName, lastName, phoneNumber, age, gender, email, twoFactorEnabled, userType) VALUES ('doc_ratchet', '$2b$12$FCMCcu8a9D7wu3b495w6z03TI7F6x5I4K3L1M0N9O8P7Q6R5S4T', 'Ratchet', 'Medic', '555-0702', 8500, 'Male', 'ratchet@medical.cybertron', TRUE, 'Provider');
INSERT INTO User (ID, authCredentials, firstName, lastName, phoneNumber, age, gender, email, twoFactorEnabled, userType) VALUES ('iron_hide', '$2b$12$GDNDdv9b0E8xv4c506x7a14UJ8G7y6J5L4M2N1O0P9Q8R7S6T5U', 'Ironhide', 'Warrior', '555-0703', 8800, 'Male', 'ironhide@weapons.com', FALSE, 'Provider');
INSERT INTO User (ID, authCredentials, firstName, lastName, phoneNumber, age, gender, email, twoFactorEnabled, userType) VALUES ('mad_scientist', '$2b$12$HEOEew0c1F9yv5d617y8b25VK9H8z7K6M5N3O2P1Q0R9S8T7U6V', 'Wheeljack', 'Inventor', '555-0704', 8000, 'Male', 'wheeljack@lab.net', TRUE, 'Provider');
INSERT INTO User (ID, authCredentials, firstName, lastName, phoneNumber, age, gender, email, twoFactorEnabled, userType) VALUES ('magnus_cmd', '$2b$12$IFPFfx1d2G0zw6e728z9c36WL0I9A8L7N6O4P3Q2R1S0T9U8V7W', 'Ultra', 'Magnus', '555-0705', 8900, 'Male', 'magnus@vanguard.com', TRUE, 'Provider');
INSERT INTO User (ID, authCredentials, firstName, lastName, phoneNumber, age, gender, email, twoFactorEnabled, userType) VALUES ('jon_the_man', '$2b$12$JGQGgy2e3H1ax7f839a0d47XM1J0B9M8O7P5Q4R3S2T1U0V9W8X', 'Jon', 'Arbuckle', '555-0801', 30, 'Male', 'jon.arbuckle@cartoons.net', FALSE, 'Provider');
INSERT INTO User (ID, authCredentials, firstName, lastName, phoneNumber, age, gender, email, twoFactorEnabled, userType) VALUES ('liz_vet_dr', '$2b$12$KHRHhz3f4I2by8g940b1e58YN2K1C0N9P8Q6R5S4T3U2V1W0X9Y', 'Liz', 'Wilson', '555-0802', 29, 'Female', 'dr.liz@vetcare.com', TRUE, 'Provider');
INSERT INTO User (ID, authCredentials, firstName, lastName, phoneNumber, age, gender, email, twoFactorEnabled, userType) VALUES ('missing_lyman', '$2b$12$LISIi a4g5J3cy9h051c2f69ZO3L2D1O0Q9R7S6T5U4V3W2X1Y0Z', 'Lyman', 'N/A', '555-0803', 32, 'Male', 'lyman@missing.net', FALSE, 'Provider');
INSERT INTO User (ID, authCredentials, firstName, lastName, phoneNumber, age, gender, email, twoFactorEnabled, userType) VALUES ('binky_hello', '$2b$12$MJTJjb5h6K4dz0i162d3g70AP4M3E2P1R0S8T7U6V5W4X3Y2Z1A', 'Binky', 'Clown', '555-0804', 45, 'Male', 'binky@clown.tv', FALSE, 'Provider');
INSERT INTO User (ID, authCredentials, firstName, lastName, phoneNumber, age, gender, email, twoFactorEnabled, userType) VALUES ('irmas_diner', '$2b$12$NKUKkc6i7L5ez1j273e4h81BQ5N4F3Q2S1T9U8V7W6X5Y4Z3A2B', 'Irma', 'Diner', '555-0805', 55, 'Female', 'irma@diner.com', TRUE, 'Provider');
INSERT INTO User (ID, authCredentials, firstName, lastName, phoneNumber, age, gender, email, twoFactorEnabled, userType) VALUES ('master_wu_tea', '$2b$12$OLVLld7j8M6fz2k384f5i92CR6O5G4R3T2U0V9W8X7Y6Z5A4B3C', 'Master', 'Wu', '555-0901', 100, 'Male', 'wu@tea.org', TRUE, 'Provider');
INSERT INTO User (ID, authCredentials, firstName, lastName, phoneNumber, age, gender, email, twoFactorEnabled, userType) VALUES ('archaeologist_m', '$2b$12$PMWMme8k9N7gz3l495g6j03DS7P6H5S4U3V1W0X9Y8Z7A6B5C4D', 'Misako', 'Garmadon', '555-0902', 45, 'Female', 'misako@museum.org', TRUE, 'Provider');
INSERT INTO User (ID, authCredentials, firstName, lastName, phoneNumber, age, gender, email, twoFactorEnabled, userType) VALUES ('water_ninja_nya', '$2b$12$QNXNnf9l0O8hz4m506h7k14ET8Q7I6T5V4W2X1Y0Z9A8B7C6D5E', 'Nya', 'Smith', '555-0903', 17, 'Female', 'water.ninja@ninjago.org', FALSE, 'Provider');
INSERT INTO User (ID, authCredentials, firstName, lastName, phoneNumber, age, gender, email, twoFactorEnabled, userType) VALUES ('borg_tech', '$2b$12$ROYOog0m1P9iz5n617i8l25FU9R8J7U6W5X3Y2Z1A0B9C8D7E6F', 'Cyrus', 'Borg', '555-0904', 50, 'Male', 'cyrus.borg@borgindustries.com', TRUE, 'Provider');
INSERT INTO User (ID, authCredentials, firstName, lastName, phoneNumber, age, gender, email, twoFactorEnabled, userType) VALUES ('brown_ninja_d', '$2b$12$SPZPph1n2Q0jz6o728j9m36GV0S9K8V7X6Y4Z3A2B1C0D9E8F7G', 'Dareth', 'Ninja', '555-0905', 35, 'Male', 'grandmaster@brownninja.com', FALSE, 'Provider');
INSERT INTO User (ID, authCredentials, firstName, lastName, phoneNumber, age, gender, email, twoFactorEnabled, userType) VALUES ('cocoa_mulch', '$2b$12$TQaqqi2o3R1kz7p839k0n47HW1T0L9W8Y7Z5A4B3C2D1E0F9G8H', 'Cocoa', 'Shell', '555-1001', 1, 'Female', 'cocoa@garden.net', TRUE, 'Provider');
INSERT INTO User (ID, authCredentials, firstName, lastName, phoneNumber, age, gender, email, twoFactorEnabled, userType) VALUES ('red_mulch_01', '$2b$12$URbrrj3p4S2lz8q940l1o58IX2U1M0X9Z8A6B5C4D3E2F1G0H9I', 'Hemlock', 'Red', '555-1002', 1, 'Female', 'hemlock@landscape.com', FALSE, 'Provider');
INSERT INTO User (ID, authCredentials, firstName, lastName, phoneNumber, age, gender, email, twoFactorEnabled, userType) VALUES ('oak_shredder', '$2b$12$VScssk4q5T3mz9r051m2p69JY3V2N1Y0A9B7C6D5E4F3G2H1I0J', 'Shredded', 'Oak', '555-1003', 1, 'Male', 'oak.mulch@soil.org', TRUE, 'Provider');
INSERT INTO User (ID, authCredentials, firstName, lastName, phoneNumber, age, gender, email, twoFactorEnabled, userType) VALUES ('compost_pro', '$2b$12$WTdttl5r6U4nz0s162n3q70KZ4W3O2Z1B0C8D7E6F5G4H3I2J1K', 'Compost', 'Blend', '555-1004', 2, 'Male', 'organic@compost.net', TRUE, 'Provider');
INSERT INTO User (ID, authCredentials, firstName, lastName, phoneNumber, age, gender, email, twoFactorEnabled, userType) VALUES ('gravel_path', '$2b$12$XUeuum6s7V5oz1t273o4r81LA5X4P3A2C1D9E8F7G6H5I4J3K2L', 'Pea', 'Gravel', '555-1005', 5, 'Female', 'gravel@pathway.com', FALSE, 'Provider');

#Adding departments into the department table
INSERT INTO Department (departmentName) VALUES ('Emergency & Trauma');
INSERT INTO Department (departmentName) VALUES ('Neurology & Mental Health');
INSERT INTO Department (departmentName) VALUES ('Internal Medicine');
INSERT INTO Department (departmentName) VALUES ('Cybernetic Surgery');
INSERT INTO Department (departmentName) VALUES ('General Pediatrics');

#Adding providers into the provider table
INSERT INTO HealthcareProvider (ID, providerID, departmentID) VALUES ('ben_kenobi', 'PROV-STARWARS-001', 1);
INSERT INTO HealthcareProvider (ID, providerID, departmentID) VALUES ('grandmaster_yoda', 'PROV-STARWARS-002', 2);
INSERT INTO HealthcareProvider (ID, providerID, departmentID) VALUES ('purple_blade', 'PROV-STARWARS-003', 1);
INSERT INTO HealthcareProvider (ID, providerID, departmentID) VALUES ('ah_snips', 'PROV-STARWARS-004', 3);
INSERT INTO HealthcareProvider (ID, providerID, departmentID) VALUES ('living_force', 'PROV-STARWARS-005', 2);
INSERT INTO HealthcareProvider (ID, providerID, departmentID) VALUES ('op_prime', 'PROV-TRANS-001', 4);
INSERT INTO HealthcareProvider (ID, providerID, departmentID) VALUES ('doc_ratchet', 'PROV-TRANS-002', 5);
INSERT INTO HealthcareProvider (ID, providerID, departmentID) VALUES ('iron_hide', 'PROV-TRANS-003', 4);
INSERT INTO HealthcareProvider (ID, providerID, departmentID) VALUES ('mad_scientist', 'PROV-TRANS-004', 5);
INSERT INTO HealthcareProvider (ID, providerID, departmentID) VALUES ('magnus_cmd', 'PROV-TRANS-005', 4);
INSERT INTO HealthcareProvider (ID, providerID, departmentID) VALUES ('jon_the_man', 'PROV-GARF-001', 3);
INSERT INTO HealthcareProvider (ID, providerID, departmentID) VALUES ('liz_vet_dr', 'PROV-GARF-002', 5);
INSERT INTO HealthcareProvider (ID, providerID, departmentID) VALUES ('missing_lyman', 'PROV-GARF-003', 2);
INSERT INTO HealthcareProvider (ID, providerID, departmentID) VALUES ('binky_hello', 'PROV-GARF-004', 1);
INSERT INTO HealthcareProvider (ID, providerID, departmentID) VALUES ('irmas_diner', 'PROV-GARF-005', 3);
INSERT INTO HealthcareProvider (ID, providerID, departmentID) VALUES ('master_wu_tea', 'PROV-NINJA-001', 2);
INSERT INTO HealthcareProvider (ID, providerID, departmentID) VALUES ('archaeologist_m', 'PROV-NINJA-002', 3);
INSERT INTO HealthcareProvider (ID, providerID, departmentID) VALUES ('water_ninja_nya', 'PROV-NINJA-003', 5);
INSERT INTO HealthcareProvider (ID, providerID, departmentID) VALUES ('borg_tech', 'PROV-NINJA-004', 4);
INSERT INTO HealthcareProvider (ID, providerID, departmentID) VALUES ('brown_ninja_d', 'PROV-NINJA-005', 1);
INSERT INTO HealthcareProvider (ID, providerID, departmentID) VALUES ('cocoa_mulch', 'PROV-MULCH-001', 4);
INSERT INTO HealthcareProvider (ID, providerID, departmentID) VALUES ('red_mulch_01', 'PROV-MULCH-002', 2);
INSERT INTO HealthcareProvider (ID, providerID, departmentID) VALUES ('oak_shredder', 'PROV-MULCH-003', 3);
INSERT INTO HealthcareProvider (ID, providerID, departmentID) VALUES ('compost_pro', 'PROV-MULCH-004', 5);
INSERT INTO HealthcareProvider (ID, providerID, departmentID) VALUES ('gravel_path', 'PROV-MULCH-005', 1);

#Adding patients into the patient table
INSERT INTO Patient (ID, medicalHistory, allergyProfile, insuranceDetails, lastVisit) VALUES ('l_skywalker', 'Hand replacement surgery; history of Force-exhaustion.', 'None', 'Rebel Alliance Health', '2026-01-15');
INSERT INTO Patient (ID, medicalHistory, allergyProfile, insuranceDetails, lastVisit) VALUES ('princess_leia', 'High stress levels; history of vacuum exposure.', 'None', 'Alderaan Royal Care', '2025-12-10');
INSERT INTO Patient (ID, medicalHistory, allergyProfile, insuranceDetails, lastVisit) VALUES ('scruffy_nerfherder', 'Multiple blunt force traumas; frozen in carbonite.', 'Carbonite residue', 'Smugglers Union', '2026-03-22');
INSERT INTO Patient (ID, medicalHistory, allergyProfile, insuranceDetails, lastVisit) VALUES ('walking_carpet', 'Lower back pain from carrying protocol droids.', 'Grooming chemicals', 'Kashyyyk Life', '2026-02-14');
INSERT INTO Patient (ID, medicalHistory, allergyProfile, insuranceDetails, lastVisit) VALUES ('gold_droid', 'Frequent memory wipes; joint stiffness.', 'Magnetic pulses', 'Tatooine Tech Insurance', '2025-11-30');
INSERT INTO Patient (ID, medicalHistory, allergyProfile, insuranceDetails, lastVisit) VALUES ('bee_b127', 'Damaged vocal processor; frequent paint touch-ups.', 'Rust-proofing agents', 'Cybertronian Shield', '2026-04-01');
INSERT INTO Patient (ID, medicalHistory, allergyProfile, insuranceDetails, lastVisit) VALUES ('cliff_j', 'Aggressive driving injuries; history of jumping.', 'Poor quality Energon', 'Autobot Defense Plan', '2026-01-05');
INSERT INTO Patient (ID, medicalHistory, allergyProfile, insuranceDetails, lastVisit) VALUES ('king_grimlock', 'Dental wear on metal teeth; fire-breath irritation.', 'Small logic circuits', 'Dinobot Primitive', '2026-02-28');
INSERT INTO Patient (ID, medicalHistory, allergyProfile, insuranceDetails, lastVisit) VALUES ('arcee_pink', 'Combat-related chassis dents.', 'Latex-based lubricants', 'Cybertron Elite Care', '2025-05-12');
INSERT INTO Patient (ID, medicalHistory, allergyProfile, insuranceDetails, lastVisit) VALUES ('hot_rod_01', 'Premature leadership stress.', 'Inert gas', 'Matrix Protection', '2026-03-10');
INSERT INTO Patient (ID, medicalHistory, allergyProfile, insuranceDetails, lastVisit) VALUES ('mondays_suck', 'Chronic obesity; extreme lethargy; lasagna addiction.', 'Mondays, Raisins', 'Arbuckle Household', '2026-04-07');
INSERT INTO Patient (ID, medicalHistory, allergyProfile, insuranceDetails, lastVisit) VALUES ('bark_bark_odie', 'Excessive drooling; history of being kicked off tables.', 'None', 'Arbuckle Household', '2026-04-06');
INSERT INTO Patient (ID, medicalHistory, allergyProfile, insuranceDetails, lastVisit) VALUES ('abu_dhabi_bound', 'Minor injuries from being mailed in boxes.', 'Packing peanuts', 'Cutest Cat Premium', '2025-08-19');
INSERT INTO Patient (ID, medicalHistory, allergyProfile, insuranceDetails, lastVisit) VALUES ('pooky_bear', 'Losing stuffing; needs occasional stitching.', 'Dryer lint', 'N/A', '2026-01-01');
INSERT INTO Patient (ID, medicalHistory, allergyProfile, insuranceDetails, lastVisit) VALUES ('arlene_gap', 'Dental checkups for gap alignment.', 'Cheap cat food', 'City Feline Med', '2026-02-15');
INSERT INTO Patient (ID, medicalHistory, allergyProfile, insuranceDetails, lastVisit) VALUES ('kai_fire', 'Occasional smoke inhalation; singed eyebrows.', 'Water-based attacks', 'Elemental Alliance', '2026-03-25');
INSERT INTO Patient (ID, medicalHistory, allergyProfile, insuranceDetails, lastVisit) VALUES ('lightning_jay', 'Frequent electrical shocks; anxiety.', 'Rubber boots', 'Walker Salvage Plan', '2026-01-20');
INSERT INTO Patient (ID, medicalHistory, allergyProfile, insuranceDetails, lastVisit) VALUES ('ice_zane', 'Coolant leaks; processor overheating.', 'Extreme heat', 'Dr. Julien Care', '2026-03-30');
INSERT INTO Patient (ID, medicalHistory, allergyProfile, insuranceDetails, lastVisit) VALUES ('cake_cole', 'Stomach aches from excessive cake consumption.', 'Low-carb diets', 'Brookstone Family', '2025-11-12');
INSERT INTO Patient (ID, medicalHistory, allergyProfile, insuranceDetails, lastVisit) VALUES ('green_ninja_01', 'Identity crisis; golden power fatigue.', 'Darkness', 'Destiny’s Bounty Med', '2026-04-02');
INSERT INTO Patient (ID, medicalHistory, allergyProfile, insuranceDetails, lastVisit) VALUES ('cedar_king', 'Brittleness; fading color due to UV.', 'Wood-boring beetles', 'Lawn & Garden Gold', '2026-04-05');
INSERT INTO Patient (ID, medicalHistory, allergyProfile, insuranceDetails, lastVisit) VALUES ('bark_life', 'Moisture loss; flaking.', 'Termites', 'Arbor Health', '2026-02-10');
INSERT INTO Patient (ID, medicalHistory, allergyProfile, insuranceDetails, lastVisit) VALUES ('bouncy_bits', 'No natural decay; high impact resistance.', 'High temperatures', 'Playground Safe Care', '2026-03-15');
INSERT INTO Patient (ID, medicalHistory, allergyProfile, insuranceDetails, lastVisit) VALUES ('dark_mulch', 'Dye bleeding; sun bleaching.', 'Rainwater acidity', 'Designer Landscape', '2026-01-28');
INSERT INTO Patient (ID, medicalHistory, allergyProfile, insuranceDetails, lastVisit) VALUES ('straw_man', 'Rapid decomposition; highly flammable.', 'Fire, Dampness', 'Farmhand Insurance', '2026-04-08');